text,label
"I was skeptical at first, but this blender exceeded my expectations—powerful, quiet, and the smoothies are perfectly blended every time.",Positive
The leather wallet looks premium and has held up well after daily use; the stitching is solid and the RFID blocker works flawlessly.,Positive
"These headphones provide crystal‑clear sound and a comfortable fit for long listening sessions, plus the battery lasts all week.",Positive
"My new garden hose retracts smoothly, doesn’t kink, and the brass fittings feel robust—definitely worth the price.",Positive
"The coffee maker brews quickly, the temperature is spot‑on, and the programmable timer makes waking up a breeze.",Positive
"I love this yoga mat; it's thick enough for cushioning but still gives a stable grip, and the color hasn't faded after weeks of use.",Positive
"The smart thermostat was easy to install, syncs perfectly with my phone, and has already saved me on my energy bill.",Positive
"This DSLR camera captures vivid colors and sharp detail, and the autofocus is impressively fast—even in low light.",Positive
"The non‑stick skillet heats evenly, releases food effortlessly, and cleaning is a snap—no more scraping!",Positive
"My kids adore the educational tablet; it’s kid‑proof, loaded with engaging content, and the parental controls give me peace of mind.",Positive
"I was skeptical at first, but this blender completely exceeded my expectations – it crushes ice in seconds and the motor is whisper‑quiet. Highly recommend!",Positive
"The leather journal feels sturdy yet soft, and the paper is thick enough that my fountain pen glides smoothly. Perfect for daily sketches and notes.",Positive
"After using the ergonomic office chair for a week, my back pain has significantly decreased. The lumbar support is spot‑on and the fabric breathes nicely.",Positive
These noise‑cancelling headphones deliver crystal‑clear highs and deep bass while blocking out the office chatter. Battery life lasts all day – a true work‑from‑home essential.,Positive
"The organic face serum has a light texture that absorbs quickly, leaving my skin feeling hydrated and looking brighter. No irritation at all, even on sensitive skin.",Positive
"I love this compact air fryer – it cooks fries to a perfect crisp in half the time of a traditional oven, and the cleanup is a breeze thanks to the non‑stick basket.",Positive
"The smartwatch’s fitness tracking is impressively accurate, and the customizable watch faces let me match it to any outfit. The battery easily lasts a full week.",Positive
"The portable projector delivered sharp 1080p images even in a dimly lit living room. Setup was straightforward, and the built‑in speakers are surprisingly loud.",Positive
"This stainless‑steel cookware set heats evenly and the lids fit tightly, preventing any steam loss. Cleaning is simple – just a quick soak and a wipe.",Positive
"The scented candle fills the room with a subtle, relaxing aroma that isn’t overpowering. It burns evenly for the promised 40‑hour runtime.",Positive
"I was skeptical at first, but this blender exceeded my expectations – it crushes ice in seconds and the smoothie texture is silky smooth. Highly recommend!",Positive
"The headphones fit comfortably for hours and the sound quality is crystal clear. Battery life lasts all day, which is perfect for my commute.",Positive
This leather wallet feels premium and the stitching is solid. It holds all my cards and cash without getting bulky.,Positive
"I love the new coffee maker! It brews quickly, the temperature is spot‑on, and the programmable timer makes mornings effortless.",Positive
"The garden hose is lightweight yet durable, and the spray nozzle provides a perfect mix of mist and jet. No leaks after weeks of use.",Positive
The novel was a page‑turner from start to finish. The characters are well‑developed and the plot twists kept me guessing.,Positive
My kids adore this puzzle set – the pieces fit together smoothly and the colors are vibrant. It’s both fun and educational.,Positive
"The smartwatch syncs seamlessly with my phone, tracks workouts accurately, and the display is bright even in sunlight.",Positive
"This set of stainless‑steel cookware heats evenly and cleans up easily. The lids fit tightly, keeping moisture in for perfect results.",Positive
"The scented candle burns cleanly for hours and fills the room with a subtle, relaxing aroma. It’s become a nightly ritual.",Positive
"I've been using this espresso machine for a month now, and every cup tastes like it was brewed by a professional barista. Setup was a breeze, and the sleek design fits perfectly on my kitchen counter.",Positive
"The wireless earbuds exceeded my expectations—crystal‑clear sound, excellent bass, and they stay snug during my runs. Battery life lasts a full day with a quick 15‑minute charge.",Positive
"I bought this ergonomic office chair after a back‑pain episode, and it’s been a game‑changer. The lumbar support is adjustable, the fabric is breathable, and I can sit comfortably for hours.",Positive
"This cookbook is a treasure trove of easy, tasty recipes. The photos are gorgeous, the instructions are clear, and even my picky teenage son loved the chicken tikka dish.",Positive
"The new smartphone’s camera is phenomenal—sharp, vibrant photos even in low light, and the AI mode makes editing a snap. The screen is buttery smooth and the battery comfortably lasts two days.",Positive
"I was skeptical about the claims, but this plant‑based protein powder mixes without clumps, has a pleasant vanilla flavor, and keeps me full after workouts. No weird aftertaste at all.",Positive
"The camping hammock arrived quickly, and its nylon is both lightweight and sturdy. It set up in minutes and held up well on a windy night—perfect for my weekend getaways.",Positive
"This smart thermostat has made managing my home's temperature effortless. The app is intuitive, it learns my schedule, and I've already seen a noticeable drop in my energy bill.",Positive
"The yoga mat is just right—thick enough to cushion my joints but still provides good grip. The subtle lavender scent is calming, and the rolled size fits nicely in my tote bag.",Positive
"I upgraded to these stainless‑steel cookware sets and couldn't be happier. Heat distributes evenly, the handles stay cool, and cleaning is a breeze—no more sticky residue after cooking.",Positive
"The new X200 phone exceeded my expectations – the camera captures vivid detail even in low light, the battery easily lasts two days, and the UI feels buttery smooth. Absolutely worth the upgrade!",Positive
"I was skeptical about the price, but this French press coffee maker delivers café‑quality brew every morning. The stainless‑steel body feels solid and cleaning is a breeze.",Positive
Just finished the latest thriller by Jane Doe – a nonstop page‑turner with clever twists. I couldn't put it down and the characters felt surprisingly real.,Positive
"These running shoes are a game‑changer. The cushioning is responsive without being too soft, and the breathable mesh kept my feet dry on a 10‑mile run. Highly recommend for both beginners and seasoned runners.",Positive
The chef’s knife feels balanced in hand and slices through tomatoes and meat alike with almost no effort. The high‑carbon steel stays sharp after weeks of use.,Positive
"Since switching to StreamFlix, my evenings are packed with fresh content. The recommendation algorithm actually knows my taste, and the streaming quality never buffers.",Positive
"This hyaluronic acid serum has transformed my skin. After two weeks I see less redness, a smoother texture, and a healthy glow. It absorbs quickly and doesn’t feel greasy.",Positive
"My new ultrabook is exactly what I needed for work and travel: feather‑light, with a crisp 13‑inch Retina display and a keyboard that feels satisfying to type on. Battery life is impressive, lasting through full days of meetings.",Positive
"The noise‑cancelling headphones block out the office chatter perfectly, and the soundstage is rich with clear highs and punchy bass. The battery lasts a full 30 hours on a single charge.",Positive
Our dog loves the new grain‑free kibble – he finishes his bowl in seconds and his coat looks shinier. I appreciate the transparent ingredient list and the fact it’s made in the USA.,Positive
"I was excited to try this blender, but after just one use the motor sputtered and stopped. It feels cheaply built and definitely not worth the price.",Negative
"The headphones look sleek, but the sound quality is terrible and they cut out after a few minutes. Plus, the ear cushions are uncomfortable.",Negative
Very disappointed with this coffee maker. It leaks water everywhere and the brew is lukewarm. Customer service hasn't responded to my emails.,Negative
"The smartwatch advertised a long battery life, yet it drains completely after a few hours of light use. The interface is also buggy and freezes often.",Negative
"I bought these running shoes for support, but they started falling apart after two weeks. The sole is separating and the stitching is coming undone.",Negative
"The vacuum cleaner promises strong suction, but it barely picks up anything on carpet. It's also louder than any other model I've owned.",Negative
The skin moisturizer smelled awful and gave me a rash within a day. Definitely not something I'd recommend to anyone with sensitive skin.,Negative
"I expected a sturdy wooden dining table, but the finish is uneven and several legs are wobbly. Assembly instructions were vague and confusing.",Negative
"The e‑reader's screen flickers constantly, making reading a strain on the eyes. Battery life is far shorter than advertised.",Negative
"This portable charger claimed 10,000 mAh, yet it barely charged my phone once before dying. The LED indicator is also inaccurate.",Negative
"The headphones stopped working after just a week of light use, and the sound is tinny even when they work. Very disappointing purchase.",Negative
"I was excited to try this facial serum, but it left my skin feeling sticky and caused a breakout. Not worth the hype.",Negative
"The coffee maker arrived with a cracked carafe and leaks water everywhere. Customer service was unhelpful, so I returned it immediately.",Negative
This yoga mat is so thin it tears at the seams after only a few sessions. I expected a more durable product for the price.,Negative
"The Bluetooth speaker promises deep bass, but all I hear is distortion. Plus, the battery barely lasts two hours.",Negative
"I bought these running shoes based on the glowing reviews, yet the soles wore down after just five miles. Very poor quality.",Negative
"The smart thermostat’s app crashes constantly, and the device fails to sync with my Wi‑Fi. Installation was a nightmare.",Negative
"The scented candles smell cheap and the wax melts unevenly, leaving a greasy mess on my table. Not the relaxing ambiance I wanted.",Negative
"I ordered a set of stainless‑steel cookware, but the pots are warped and the lids don’t fit properly. Definitely not up to professional standards.",Negative
"The e‑reader’s screen flickers after a short period of reading, and the battery drains far quicker than advertised. Very frustrating.",Negative
"The headphones stopped working after just a week of light use, and the customer service was unhelpful when I tried to get a replacement.",Negative
I was disappointed with the blender – the motor overheated and the blades became dull after a few smoothies.,Negative
"The smartwatch's battery drains within a day, and the touch screen frequently freezes, making it unusable.",Negative
This coffee maker leaks water onto my countertop and the brew tastes burnt; definitely not worth the price.,Negative
"The yoga mat is thin, slippery, and started peeling after only two workouts.",Negative
"The software crashes constantly, and the promised features are missing or broken, which makes it a nightmare to work with.",Negative
The electric kettle never reaches boiling temperature and makes a rattling noise that’s irritating.,Negative
I bought these running shoes and they caused blisters within the first mile; the sizing is completely off.,Negative
"The portable charger claims 10,000 mAh but barely gives me a 30‑minute charge before dying.",Negative
The indoor plant died within days despite following the care instructions; the soil was dry and the pot had poor drainage.,Negative
The headphones stopped working after just a week; the left side stopped producing any sound and the battery drains instantly.,Negative
"I was excited to try this coffee maker, but it leaks water everywhere and the brew is weak and bitter.",Negative
The smartwatch's screen is smudgy and the touch responsiveness is terrible – I can’t even scroll through messages.,Negative
This blender sounds like a lawn mower and never actually blends the frozen fruits; I end up with chunks in my smoothie.,Negative
"The shirt looks good in the picture, but the fabric feels cheap, shrinks after the first wash, and the stitching came apart.",Negative
"Customer support never responded to my emails about the broken zipper on the backpack, and the straps are uncomfortable.",Negative
"The app crashes every time I try to add a new contact, and the interface is confusing and cluttered.",Negative
"I bought these wireless earbuds for the advertised noise cancellation, but they let in almost all ambient noise and keep disconnecting.",Negative
"The garden hose kinks instantly and leaks at the connector, making it useless for watering my plants.",Negative
"The book promised a thrilling mystery, but the plot is predictable, the characters are flat, and the writing is full of typos.",Negative
"The headphones stopped working after just a week, and the sound quality was already disappointing from day one.",Negative
"I was excited about this blender, but the motor burns out quickly and the blades are dull, leaving chunks in my smoothies.",Negative
The coffee maker leaks water onto the counter and takes forever to brew; not worth the price at all.,Negative
"The smartwatch’s battery dies within a day, and the touchscreen is unresponsive half the time.",Negative
"This winter coat looks stylish, but the stitching came apart after a single wash and it barely kept me warm.",Negative
"The vacuum cleaner is noisy, heavy, and its suction power is weak—cleaning took twice as long as usual.",Negative
"I bought these earbuds for the noise cancellation, but they barely block any ambient sound and fit uncomfortably.",Negative
"The portable charger claims 10,000 mAh, yet it barely gives my phone a 20% charge before dying.",Negative
"The gaming chair looks solid, but the wheels are squeaky and the lumbar support is practically non‑existent.",Negative
"The recipe book promised easy meals, but the instructions are vague and many of the ingredients are hard to find.",Negative
